{"cameraMode":{"drawMode":0,"name":"Shaded","section":"Shading Mode"},"sceneLighting":false,"audioPlay":false,"sceneViewState":{"m_AlwaysRefresh":false,"showFog":true,"showSkybox":false,"showFlares":true,"showImageEffects":true,"showParticleSystems":true,"showVisualEffectGraphs":true,"m_FxEnabled":true},"in2DMode":false,"pivot":{"x":0.022546768188476564,"y":0.08880424499511719,"z":-0.05797061324119568},"rotation":{"x":-0.0644286647439003,"y":-0.029323827475309373,"z":0.001896010828204453,"w":-0.997507631778717},"size":1.9393749237060547,"orthographic":false}