{"cameraMode":{"drawMode":0,"name":"Shaded","section":"Shading Mode"},"sceneLighting":false,"audioPlay":false,"sceneViewState":{"m_AlwaysRefresh":false,"showFog":true,"showSkybox":false,"showFlares":true,"showImageEffects":true,"showParticleSystems":true,"showVisualEffectGraphs":true,"m_FxEnabled":true},"in2DMode":false,"pivot":{"x":-0.15657758712768556,"y":0.090598464012146,"z":-0.015399932861328125},"rotation":{"x":-0.0644286647439003,"y":-0.029323827475309373,"z":0.001896010828204453,"w":-0.997507631778717},"size":2.36112904548645,"orthographic":false}