{"cameraMode":{"drawMode":0,"name":"Shaded","section":"Shading Mode"},"sceneLighting":false,"audioPlay":false,"sceneViewState":{"m_AlwaysRefresh":false,"showFog":true,"showSkybox":false,"showFlares":true,"showImageEffects":true,"showParticleSystems":true,"showVisualEffectGraphs":true,"m_FxEnabled":true},"in2DMode":false,"pivot":{"x":-6.556510925292969e-7,"y":-0.07287639379501343,"z":5.364418029785156e-7},"rotation":{"x":-0.03715161234140396,"y":-0.30329903960227969,"z":0.011835001409053803,"w":-0.9521226286888123},"size":0.9217596054077148,"orthographic":false}